conference_name,priority_level,attendees_500_plus,academic_acceptance_level,cfp_deadline_month,submission_tracks,accepts_cfp,accepts_cft,accepts_cfw,travel_accommodation_sponsorship,cfp_deadline_MM-DD,cft_deadline_MM-DD,cfw_deadline_MM-DD,conference_start_date,conference_end_date,city,country,website_or_cfp_link,cft_link,cfw_link,conference_type,timezone,notes,last_verified_date,venue_pattern
ACM AsiaCCS,High,Yes,Academic,December,Talks,No,No,No,Unknown,12-12,TBD,TBD,2026-06-01,2026-06-05,Bangalore,India,https://asiaccs2026.cse.iitkgp.ac.in/important-dates/,,,In-Person,Asia/Kolkata,Official ASIACCS 2026 site lists conference dates June 1-5 2026 in Bangalore, India,2026-03-31,Rotating
ACM CCS,High,Yes,Academic,January,Talks,Yes,No,No,Unknown,01-14,TBD,TBD,2026-11-15,2026-11-19,The Hague,Netherlands,https://www.sigsac.org/ccs/CCS2026/call-for/call-for-papers.html,,,In-Person,Europe/Amsterdam,Official CCS 2026 site lists conference dates Nov 15-19 2026 in The Hague, Netherlands,2026-03-31,Rotating
ACM CoNEXT,Medium,Yes,Academic,December,Talks,Yes,No,No,Unknown,12-12,,,2026-12-07,2026-12-11,Utrecht,Netherlands,https://conferences.sigcomm.org/co-next/2026/,,,In-Person,Europe/Amsterdam,Primary submission round has Dec 12 deadline and conference dates are listed on official site,2026-03-30,Rotating
ACM IMC,High,Yes,Academic,April,Talks,Yes,No,No,Unknown,04-29,,,2026-10-12,2026-10-16,Karlsruhe,Germany,https://conferences.sigcomm.org/imc/2026/cfp/,,,In-Person,Europe/Berlin,Two-cycle CFP with cycle 2 paper deadline Apr 29 and replicability track available,2026-03-30,Rotating
ACSAC,Medium,Yes,Academic,May,Talks|Workshops,Yes,No,Yes,Unknown,TBD,TBD,TBD,2026-12-07,2026-12-11,Los Angeles,United States,https://www.acsac.org/,,https://www.acsac.org/,In-Person,America/Los_Angeles,2026 edition confirmed Dec 7-11 in Los Angeles CA; 2026 CFP not yet announced (2025 deadline was May 30),2026-04-01,Rotating
Africa Cyber Defense Summit,Low,Yes,Industry,TBD,Talks,Yes,No,No,Yes,TBD,,,2024-06-01,2024-06-30,Nairobi,Kenya,https://www.africacyberdefense.com/,,,In-Person,Africa/Nairobi,Added from requested 2024 conference list,2026-03-30,Unknown
Africahackon,Low,Yes,Industry,TBD,Talks|Workshops|CTF,Yes,No,No,Unknown,TBD,TBD,TBD,2026-08-13,2026-08-15,Nairobi,Kenya,https://www.africahackon.com/,,https://www.africahackon.com/,In-Person,Africa/Nairobi,2026 dates Aug 13-15 at Sarit Expo Centre Westlands Nairobi; CFP deadline not yet published,2026-04-01,Unknown
APAC DFIR Summit and Cyber Security Training,Medium,Yes,Industry,N/A,Trainings|Talks,No,No,No,Yes,TBD,TBD,TBD,2024-09-06,2024-09-14,Tokyo,Japan,https://www.sans.org/,https://www.sans.org/,,In-Person,Asia/Tokyo,Added from requested 2024 conference list,2026-03-30,Unknown
AppSec Days Singapore,Medium,Yes,Industry,TBD,Talks|Workshops,Yes,No,No,Unknown,TBD,TBD,TBD,2025-09-12,2025-09-13,Singapore,Singapore,https://singapore.appsecdays.org/,,https://singapore.appsecdays.org/,In-Person,Asia/Singapore,2025 dates Sep 12-13; accepts CFP historically via Sessionize; no 2026 edition announced yet,2026-04-01,Mostly Fixed
Black Hat Asia Briefings,High,Yes,Industry,December,Talks,Yes,No,No,Unknown,12-11,,,2026-04-23,2026-04-24,Singapore,Singapore,https://blackhat.com/asia-26/,,,In-Person,Asia/Singapore,Estimated from 2025 Black Hat Asia CFP cycle; official Upcoming page lists Black Hat Asia 2026 event week in Singapore,2026-03-30,Mostly Fixed
Black Hat Europe,High,Yes,Industry,August,Trainings|Talks,Yes,Yes,No,Yes,08-11,03-31,TBD,2026-12-07,2026-12-10,London,United Kingdom,https://blackhat.com/upcoming.html,https://europe-trainings-cfp.blackhat.com/,,In-Person,Europe/London,Estimated from 2025 official Black Hat Europe CFP cycle; 2026 dates verified on official Black Hat Upcoming page,2026-03-30,Mostly Fixed
Black Hat MEA,High,Yes,Industry,TBD,Talks|Trainings,Yes,Unknown,Unknown,Unknown,TBD,TBD,TBD,2026-12-01,2026-12-03,Riyadh,Saudi Arabia,https://blackhatmea.com/,,,In-Person,Asia/Riyadh,Official Black Hat MEA site lists Riyadh event dates for 2026; CFP/CfT deadlines not published,2026-03-30,Mostly Fixed
Black Hat USA,High,Yes,Industry,TBD,Talks|Trainings,Yes,Yes,No,Yes,TBD,12-07,TBD,2026-08-01,2026-08-06,Las Vegas,United States,https://www.blackhat.com/call-for-papers.html,https://usa-trainings-cfp.blackhat.com/,,In-Person,America/Los_Angeles,Merged Black Hat USA + Black Hat USA Trainings into single row; conference week Aug 1-6 with trainings Aug 1-4 and current CFT deadline 12-07,2026-03-30,Mostly Fixed
BlueCon Japan,Low,Yes,Industry,September,Trainings|Talks,Unknown,Unknown,No,Unknown,09-01,TBD,TBD,2026-11-01,2026-11-30,Tokyo,Japan,https://codeblue.jp/en/,https://codeblue.jp/en/,,In-Person,Asia/Tokyo,Estimated from CODE BLUE annual November schedule and prior CFP cycle,2026-03-30,Unknown
BruCON Autumn Training,High,Yes,Industry,April,Trainings,No,Yes,No,Unknown,TBD,04-30,TBD,2027-09-01,2027-11-30,Ghent,Belgium,https://www.brucon.org/,https://www.brucon.org/,,In-Person,Europe/Brussels,Autumn training submit by April 30,2026-03-30,Unknown
BruCON Conference,High,Yes,Industry,April,Talks|Workshops|Trainings,Yes,Yes,No,Yes,04-30,04-30,TBD,2026-09-24,2026-09-25,Mechelen,Belgium,https://www.brucon.org/,https://www.brucon.org/,https://www.brucon.org/,In-Person,Europe/Brussels,BruCON 0x12; CFP and CfT both close April 30 2026; trainings Sep 21-23 conference Sep 24-25 2026 in Mechelen,2026-04-01,Unknown
BruCON Spring Training,High,Yes,Industry,November,Trainings,No,Yes,No,Unknown,TBD,11-22,TBD,2027-03-01,2027-03-31,Ghent,Belgium,https://www.brucon.org/,https://www.brucon.org/,,In-Person,Europe/Brussels,Spring training submission target by November 22,2026-03-30,Unknown
BSI Deutscher IT-Sicherheitskongress,Medium,Yes,Industry,January,Talks,Yes,No,No,Unknown,01-07,,,2026-04-15,2026-04-16,Bonn,Germany,https://coms.app/bsi-kongress2026/welcome.html,,,In-Person,Europe/Berlin,Added from backlog list,2026-03-30,Unknown
BSides Canberra,Low,Unknown,Industry,TBD,Talks|Workshops,Unknown,No,No,Unknown,TBD,TBD,TBD,2023-09-28,2023-09-30,Canberra,Australia,https://www.bsidesau.com.au/2023/index.html,,https://www.bsidesau.com.au/2023/index.html,In-Person,Australia/Sydney,BSides Canberra 2023 dates verified,2026-03-30,Mostly Fixed
BSides Cape Town,Low,Yes,Industry,TBD,Talks|Workshops|CTF,Yes,No,No,Unknown,TBD,TBD,TBD,2024-11-01,2024-11-30,Cape Town,South Africa,https://www.bsidescapetown.co.za/,,https://www.bsidescapetown.co.za/,In-Person,Africa/Johannesburg,Added from requested 2024 conference list,2026-03-30,Unknown
BSides London,Medium,Yes,Industry,October,Talks|Workshops|CTF,Yes,No,No,Unknown,10-13,TBD,TBD,2024-12-14,2024-12-14,London,United Kingdom,https://www.securitybsides.org.uk/,,https://www.securitybsides.org.uk/,In-Person,Europe/London,CfP closed October 13 2024 and event held December 14 2024,2026-03-30,Unknown
BSides Munich,Low,Yes,Industry,July,Talks|Workshops|CTF,Yes,No,No,Unknown,07-15,TBD,TBD,2024-11-09,2024-11-11,Munich,Germany,https://bsidesmunich.org/,,https://bsidesmunich.org/,In-Person,Europe/Berlin,CfP closed July 15 2024 with workshop and conference days in November,2026-03-30,Unknown
BSidesLV,High,Yes,Industry,TBD,Talks|Workshops|Trainings,No,No,No,Unknown,TBD,TBD,TBD,2025-08-04,2025-08-06,Las Vegas,United States,https://www.bsideslv.org/cfp,https://www.bsideslv.org/cfp,https://www.bsideslv.org/cfp,In-Person,America/Los_Angeles,Official BSidesLV CFP page confirms 2025 CFP is closed and conference presentations are in person in Las Vegas,2026-03-31,Mostly Fixed
c0c0n,Medium,Yes,Industry,May,Talks|Trainings,Yes,Yes,No,Unknown,05-10,TBD,TBD,2026-10-09,2026-10-10,"Kochi, Kerala",India,https://www.c0c0n.org/cfp,https://www.c0c0n.org/cfp,,In-Person,Asia/Kolkata,19th edition; CFP deadline May 10 2026; trainings Oct 6-8 conference Oct 9-10 2026 at Grand Hyatt Bolgatty Kochi,2026-04-01,Unknown
CactusCon,Medium,No,Industry,October,Talks|Trainings,Yes,Yes,No,Unknown,10-24,TBD,TBD,2026-02-06,2026-02-07,Mesa,United States,https://www.cactuscon.com/,https://www.cactuscon.com/,,In-Person,America/Phoenix,CactusCon 14 Feb 6-7 2026 in Mesa AZ; CFP closed Oct 24 2025; CactusCon 15 (2027) not yet announced,2026-04-01,Unknown
CanSecWest,Medium,Yes,Industry,Closed,Talks|Workshops,No,No,No,Yes,TBD,TBD,TBD,2024-03-20,2024-03-22,Vancouver,Canada,https://cansecwest.com/,,https://cansecwest.com/,In-Person,America/Vancouver,Main conference dates verified as March 20-22 2024,2026-03-30,Unknown
CODE BLUE,High,Yes,Industry,September,Talks|Trainings,Yes,Yes,No,Yes,09-01,TBD,TBD,2024-11-01,2024-11-30,Tokyo,Japan,https://codeblue.jp/,https://codeblue.jp/,,In-Person,Asia/Tokyo,Added from requested 2024 conference list,2026-03-30,Unknown
Code Blue Tokyo,High,Yes,Industry,March,Talks|Trainings,Yes,Yes,No,Unknown,03-31,03-31,TBD,2026-11-17,2026-11-18,Tokyo,Japan,https://codeblue.jp/en/cfp/training/,https://sessionize.com/CB26-TRAINING,,In-Person,Asia/Tokyo,Training CFP closes March 31 2026 and main conference is in November,2026-03-30,Unknown
Code Europe Krakow,Medium,Yes,Industry,June,Talks|Workshops,Yes,No,No,Unknown,06-30,TBD,TBD,TBD,TBD,Krakow,Poland,https://www.codeeurope.pl/,,https://www.codeeurope.pl/,In-Person,Europe/Warsaw,Added from backlog list,2026-03-30,Unknown
CSCML,Medium,Yes,Academic,TBD,Talks,Yes,No,No,Yes,TBD,,,2024-12-19,2024-12-20,Beer Sheva,Israel,https://www.cscml.org/front-page,,,In-Person,Asia/Jerusalem,Dates verified as December 19-20 2024,2026-03-30,Unknown
Cyber Week Tel Aviv,Medium,Yes,Industry,TBD,Talks,Yes,No,No,Yes,TBD,,,2024-06-24,2024-06-27,Tel Aviv,Israel,https://cyberweek.tau.ac.il/,,,In-Person,Asia/Jerusalem,Four-day event dates verified (June 24-27 2024),2026-03-30,Unknown
CyberCon Melbourne,Medium,Yes,Industry,TBD,Talks|Workshops,Unknown,No,No,Unknown,TBD,TBD,TBD,2023-10-17,2023-10-19,Melbourne,Australia,https://melbourne2023.cyberconference.com.au/,,https://melbourne2023.cyberconference.com.au/,In-Person,Australia/Melbourne,Australian Cyber Conference Melbourne 2023 dates verified,2026-03-30,Mostly Fixed
Cybertech Global Tel Aviv,High,Yes,Industry,N/A,Talks,No,No,No,Yes,TBD,,,2024-01-29,2024-01-31,Tel Aviv,Israel,https://www.cybertechisrael.com/,,,In-Person,Asia/Jerusalem,Added from requested 2024 conference list,2026-03-30,Unknown
CyberWiseCon Vilnius,Low,Yes,Industry,TBD,Talks,Yes,No,No,Unknown,TBD,,,2026-05-20,2026-05-22,Vilnius,Lithuania,https://cyberwisecon.eu/,,,In-Person,Europe/Vilnius,2026 main conference May 20-22 (workshops May 19) at Forum Cinemas Vingis Vilnius; CFP deadline not published,2026-04-01,Unknown
DEF CON,High,Yes,Industry,May,Talks|Workshops|Trainings,Yes,Yes,Yes,Unknown,05-01,01-12,TBD,2026-08-06,2026-08-09,Las Vegas,United States,https://defcon.org/html/defcon-34/dc-34-cfp.html,https://training.defcon.org/pages/2026-las-vegas-call-for-trainers,https://defcon.org/html/defcon-34/dc-34-cfi.html,In-Person,America/Los_Angeles,DEF CON 34; CFP deadline May 1 2026 at midnight UTC; conference Aug 6-9 2026 at Las Vegas Convention Center; CFT deadline was 01-12,2026-04-01,Mostly Fixed
DEF CON Bahrain,Low,Yes,Industry,TBD,Trainings|Talks,Yes,Yes,No,Unknown,TBD,TBD,TBD,2026-11-11,2026-11-12,Manama,Bahrain,https://defcon.org/html/defcon-bahrain/dc-bahrain-index.html,https://training.defcon.org/,,In-Person,Asia/Bahrain,Official DEF CON homepage lists DEF CON Middle East conference dates (Nov 11-12 2026) and training window (Nov 8-10),2026-03-30,Mostly Fixed
DEF CON Singapore,High,Yes,Industry,February,Talks|Trainings,Yes,Yes,No,Unknown,02-15,11-10,TBD,2026-04-28,2026-04-30,Singapore,Singapore,https://defcon.org/html/defcon-singapore/dc-singapore-index.html,https://training.defcon.org/pages/2026-singapore-call-for-trainers,,In-Person,Asia/Singapore,Official DEF CON site lists conference dates Apr 28-30 2026 with CFP deadline 02-15 and Singapore CFT close 11-10,2026-03-30,Unknown
DefCamp Cluj/Bucharest,High,Yes,Industry,June,Talks|Trainings|Workshops,Yes,No,No,Unknown,06-15,TBD,TBD,2026-11-12,2026-11-13,Bucharest,Romania,https://def.camp/call-for-papers/,https://sessionize.com/defcamp-2025,https://def.camp/,In-Person,Europe/Bucharest,Estimated from 2025 official DefCamp pattern: Bucharest main event in mid-November with rolling CFP windows starting 06-15,2026-03-30,Mostly Fixed
DeveloperWeek,High,Yes,Industry,October,Talks|Workshops,Yes,No,No,Yes,10-13,TBD,TBD,2024-02-21,2024-02-29,San Francisco,United States,https://www.developerweek.com/,,https://www.developerweek.com/,In-Person,America/Los_Angeles,Main 2024 CFP closed October 13 2023,2026-03-30,Unknown
DevOpsDays Salt Lake City,Medium,Yes,Industry,TBD,Talks|Workshops,Yes,No,No,Unknown,TBD,TBD,TBD,2026-05-11,2026-05-12,Salt Lake City,United States,https://slcdevopsdays.org/,,https://slcdevopsdays.org/,In-Person,America/Denver,Estimated from recent May editions (use as planning placeholder),2026-03-30,Unknown
DIMVA,Medium,Yes,Academic,February,Talks,No,No,No,Unknown,02-18,,,2026-07-01,2026-07-03,Chania,Greece,https://www.dimva.org/dimva2026/,,,In-Person,Europe/Athens,Two-cycle CFP and cycle 2 submission deadline Feb 18 with LNCS page limits,2026-03-30,Rotating
Ekoparty Buenos Aires,High,Yes,Industry,TBD,Talks|Trainings|Workshops,Yes,Yes,No,Yes,TBD,TBD,TBD,2026-11-01,2026-11-30,Buenos Aires,Argentina,https://www.ekoparty.org/,https://ekoparty.org/2025/12/04/call-for-tranings-buenos-aires-miami/,https://www.ekoparty.org/,In-Person,America/Argentina/Buenos_Aires,Merged Ekoparty (2022), Ekoparty Security Conference (2024), and Ekoparty Buenos Aires into one canonical Buenos Aires row; keep current cycle tracking and retain historical continuity in this single record,2026-03-30,Unknown
Ekoparty Miami,Medium,Yes,Industry,March,Talks|Trainings,Yes,Yes,No,Unknown,03-20,TBD,TBD,2026-05-21,2026-05-22,Miami,United States,https://sessionize.com/ekoparty-security-conference-2026-miami/,https://sessionize.com/ekoparty-security-conference-2026-miami/,,In-Person,America/New_York,CFP deadline was March 20 2026 (now closed); conference May 21-22 2026,2026-04-01,Unknown
ESORICS,Medium,Yes,Academic,April,Talks,Yes,No,No,Unknown,04-21,,,2026-09-14,2026-09-18,Rome,Italy,https://www.easychair.org/cfp/ESORICS-2026,,,In-Person,Europe/Rome,Two-cycle model and spring deadline Apr 21 with 16-page limit in CFP,2026-03-30,Rotating
Ethiack,Low,No,Industry,October,Talks,Unknown,No,No,Unknown,TBD,,,TBD,TBD,TBD,TBD,https://ethiack.com/,,,In-Person,UTC,Added from backlog list,2026-03-30,Unknown
FIRST Conference,Medium,Yes,Industry,December,Talks,Yes,No,No,Unknown,12-03,,,2026-06-14,2026-06-19,Denver,United States,https://www.first.org/conference/2026/,,,In-Person,America/Denver,38th Annual FIRST Conference Jun 14-19 2026 in Denver CO; CfS closed Dec 3 2025,2026-04-01,Rotating
FIRSTCON Copenhagen,Low,Yes,Industry,TBD,Talks,Unknown,No,No,Unknown,TBD,,,TBD,TBD,Copenhagen,Denmark,https://www.first.org/conference/,,,In-Person,Europe/Copenhagen,Added from FIRSTCON Copenhagen ENISA note,2026-03-30,Unknown
German OWASP Day,Medium,Unknown,Industry,TBD,Talks|Trainings|Workshops,Unknown,Unknown,Unknown,Unknown,TBD,TBD,TBD,2025-11-25,2025-11-26,Düsseldorf,Germany,https://god.owasp.de/2025/,https://god.owasp.de/2025/,https://god.owasp.de/2025/,In-Person,Europe/Berlin,Event dates verified from official German OWASP Day 2025 page,2026-03-30,Mostly Fixed
GISEC Global,Medium,Yes,Industry,TBD,Talks|Workshops|CTF,Yes,No,No,Yes,TBD,TBD,TBD,2026-04-21,2026-04-23,Dubai,United Arab Emirates,https://www.gisec.ae/,,https://www.gisec.ae/,In-Person,Asia/Dubai,Merged GISEC (2024) and GISEC Global into one canonical row; keep current cycle dates while preserving broader track/sponsorship metadata from verified 2024 entry,2026-03-30,Unknown
GrrCon,Medium,Yes,Industry,May,Talks,Yes,No,No,Unknown,05-01,,,2026-10-01,2026-10-02,Grand Rapids,United States,https://grrcon.com/cfp/,,,In-Person,America/Detroit,Estimated from 2025 official GrrCON timing: early-October Thu-Fri conference window and CFP round 1 by 05-01,2026-03-30,Mostly Fixed
H2HC,Medium,Yes,Industry,October,Talks|Workshops,Yes,No,No,Yes,10-01,TBD,TBD,2024-12-14,2024-12-15,Sao Paulo,Brazil,https://www.h2hc.com.br/,,https://www.h2hc.com.br/,In-Person,America/Sao_Paulo,CFP deadline October 1 2024 and event held December 14-15 2024,2026-03-30,Unknown
Hack in Paris,Low,Yes,Industry,TBD,Talks|Trainings|Workshops,Unknown,No,No,Unknown,TBD,TBD,TBD,2026-09-22,2026-09-26,Paris,France,https://www.hackinparis.com/,https://www.hackinparis.com/,https://www.hackinparis.com/,In-Person,Europe/Paris,Estimated from prior edition timing pattern (needs confirmation),2026-03-30,Unknown
Hack.lu,Medium,Yes,Industry,May,Talks|Workshops|CTF,Yes,No,No,Yes,05-31,TBD,TBD,2026-10-20,2026-10-23,Luxembourg City,Luxembourg,https://2026.hack.lu/,,https://hack.lu/,In-Person,Europe/Luxembourg,20th edition Oct 20-23 2026 at Parc Hotel Alvisse; CFP deadline May 31 2026 at 23:59 Luxembourg time,2026-04-01,Unknown
HackAIcon,Low,No,Industry,October,Talks,Unknown,No,No,Unknown,TBD,,,TBD,TBD,TBD,TBD,https://www.hackaicon.com/,,,In-Person,UTC,Added from backlog list,2026-03-30,Unknown
Hexacon Paris,Low,Yes,Industry,October,Talks,Unknown,No,No,Unknown,TBD,,,2026-10-04,2026-10-05,Paris,France,https://hexacon.fr/,,,In-Person,Europe/Paris,Added from backlog list,2026-03-30,Unknown
IEEE CSF,Medium,No,Academic,January,Talks,No,No,No,Unknown,01-29,,,2026-07-26,2026-07-29,Lisbon,Portugal,https://csf2026.ieee-security.org/cfp.html,,,In-Person,Europe/Lisbon,Rolling deadlines with winter cycle Jan 29 and symposium in Lisbon,2026-03-30,Rotating
IEEE Symposium on Security and Privacy,High,Yes,Academic,November,Talks,Yes,No,No,Unknown,11-13,TBD,TBD,2026-05-18,2026-05-20,San Francisco,United States,https://sp2026.ieee-security.org/cfpapers.html,,,In-Person,America/Los_Angeles,Official SP 2026 site lists symposium dates May 18-20 2026 in San Francisco (workshops on May 21),2026-03-31,Mostly Fixed
ISC2 Security Congress,Medium,Yes,Industry,TBD,Talks,Yes,No,No,Unknown,TBD,,,2026-10-26,2026-10-28,Aurora,United States,https://www.isc2.org/Congress,,,In-Person,America/Denver,2026 Oct 26-28 at Gaylord Rockies Resort Aurora CO; CFP deadline not published,2026-04-01,Unknown
MadWeb San Jose,Medium,No,Academic,TBD,Talks|Workshops,Yes,No,Yes,Unknown,TBD,TBD,TBD,2027-01-01,2027-12-31,San Jose,United States,https://madweb.work/,,https://madweb.work/,In-Person,America/Los_Angeles,PhD level science conference candidate,2026-03-30,Unknown
Middle East Security Conference and Exhibition,Low,Yes,Industry,TBD,Talks|Exhibition,Yes,No,No,Yes,TBD,TBD,TBD,2024-11-01,2024-11-30,Riyadh,Saudi Arabia,https://www.mesce.org/,,,In-Person,Asia/Riyadh,Added from requested 2024 conference list,2026-03-30,Unknown
NDC Oslo,High,Yes,Industry,April,Talks|Workshops,Yes,No,No,Partial,04-19,TBD,TBD,2026-09-14,2026-09-18,Oslo,Norway,https://ndcoslo.com/call-for-papers,,https://sessionize.com/ndc-oslo-2026/,In-Person,Europe/Oslo,Official NDC Oslo 2026 site lists event dates (14-18 September 2026) and CFP deadline 04-19; Sessionize confirms speaker travel/accommodation coverage with exceptions,2026-03-30,Unknown
NDC Security,High,Yes,Industry,December,Talks|Trainings|Workshops,Yes,No,Yes,Yes,12-07,TBD,TBD,2026-03-02,2026-03-05,Oslo,Norway,https://ndc-security.com/,https://sessionize.com/ndc-security-2026,https://sessionize.com/ndc-security-2026,In-Person,Europe/Oslo,Oslo 2026 Mar 2-5; CfP via Sessionize closes 12-07; workshops accepted; official ndc-security.com,2026-03-30,Mostly Fixed
NDC Toronto,Medium,Yes,Industry,December,Talks,Yes,No,No,Unknown,12-31,,,2026-05-01,2026-06-30,Toronto,Canada,https://sessionize.com/ndc-toronto-2026,,,In-Person,America/Toronto,Vibe coding talk with Rico,2026-03-30,Unknown
NDSS Symposium,High,Yes,Academic,August,Talks,No,No,No,Unknown,08-06,,,2026-02-23,2026-02-27,San Diego,United States,https://www.ndss-symposium.org/ndss2026/submissions/call-for-papers/,,,In-Person,America/Los_Angeles,2026 CFP is closed and fall cycle submission deadline was Aug 6 with 13-page main limit,2026-03-30,Mostly Fixed
Nullcon Goa,High,Yes,Industry,November,Talks|Workshops|Trainings,Yes,Yes,No,Yes,11-20,TBD,TBD,2026-02-28,2026-03-01,Goa,India,https://nullcon.net/goa-2026,https://nullcon.net/goa-2026,https://nullcon.net/,In-Person,Asia/Kolkata,16th edition Feb 28-Mar 1 2026; CFP abstract deadline Nov 20 2025; Day Zero invite-only Feb 27; 2027 not yet announced,2026-04-01,Unknown
Oh My Hack Warsaw,Low,Yes,Industry,TBD,Talks,Unknown,No,No,Unknown,TBD,,,TBD,TBD,Warsaw,Poland,https://ohmyhack.io/,,,In-Person,Europe/Warsaw,Added from backlog list,2026-03-30,Unknown
OrangeCon,Low,Yes,Industry,March,Talks,Yes,No,No,Unknown,03-31,TBD,TBD,2026-06-04,2026-06-04,Amsterdam,Netherlands,https://orangecon.nl/,,,In-Person,Europe/Amsterdam,CFP deadline was March 31 2026 (now closed); one-day event June 4 2026 at Theater de Meervaart Amsterdam,2026-04-01,Unknown
Out of The Box Jakarta,Medium,Yes,Industry,March,Talks,Yes,No,No,Unknown,03-01,,,TBD,TBD,Jakarta,Indonesia,https://cfp.directory/events/out-of-the-box-2026-jakarta,,,In-Person,Asia/Jakarta,Added from backlog list (previously marked skipped),2026-03-30,Unknown
OWASP 25th Anniversary Virtual Conference,Medium,Yes,Industry,TBD,Talks,Unknown,No,No,Unknown,TBD,TBD,TBD,2026-09-21,2026-09-21,Virtual,Global,https://owasp.org/events/,,https://owasp.org/events/,Virtual,UTC,Added from provided OWASP AppSec Days event list as global virtual milestone event,2026-03-31,Unknown
OWASP AppSec Days France,Medium,No,Industry,May,Talks,Yes,No,No,Unknown,05-07,TBD,TBD,2026-09-24,2026-09-24,Paris,France,https://sessionize.com/owasp-appsec-days-france-2026,,https://owasp.org/events/,In-Person,Europe/Paris,CFP opens March 8 closes May 7 2026; one-day event Sep 24 2026 in Paris,2026-04-01,Unknown
OWASP AppSec Days India,Medium,No,Industry,TBD,Talks|Mentorship,Unknown,No,No,Unknown,TBD,TBD,TBD,2026-11-21,2026-11-22,Virtual,India,https://owasp.org/events/,,https://owasp.org/events/,Virtual,Asia/Kolkata,Added from provided OWASP AppSec Days event list as virtual two-day India conference,2026-03-31,Unknown
OWASP AppSec Days Portugal,High,No,Industry,TBD,Talks|Workshops|Trainings|CTF,Yes,Yes,Yes,Unknown,TBD,TBD,TBD,2026-09-23,2026-09-24,Porto,Portugal,https://appsecdays.pt/,,https://appsecdays.pt/,In-Person,Europe/Lisbon,CFP open (no deadline published yet); accepts talks workshops and trainings; conference Sep 23-24 2026 at Fundação António Cupertino de Miranda Porto,2026-04-01,Unknown
OWASP AppSec Israel,High,Yes,Industry,TBD,Talks|Workshops,Yes,No,No,Unknown,TBD,TBD,TBD,2026-05-18,2026-05-18,Tel Aviv,Israel,https://appsecil.org/,,https://appsecil.org/,In-Person,Asia/Jerusalem,One-day event May 18 2026 at Tel Aviv Expo Pavilion 10; ~1000 attendees; CFP via Sessionize now closed,2026-04-01,Unknown
OWASP AppSec Italy Day,Medium,No,Industry,TBD,Talks|Trainings|Workshops,Yes,Yes,No,Unknown,TBD,TBD,TBD,2026-06-18,2026-06-18,Cagliari,Italy,https://owasp.org/www-chapter-italy/events/OWASPItalyDay2026-06-18,,https://owasp.org/events/,In-Person,Europe/Rome,Free one-day conference Jun 18 2026 in Cagliari Sardinia; trainings Jun 17-18; CFP exists but no deadline published,2026-04-01,Unknown
OWASP BASC,Medium,No,Industry,January,Talks|Workshops,Yes,No,No,Unknown,01-11,TBD,TBD,2026-04-11,2026-04-11,Cambridge,United States,https://sessionize.com/owasp-basc-2026/,,https://owasp.org/events/,In-Person,America/New_York,CFP closed Jan 11 2026; one-day event Apr 11 2026 at Boston Marriott Cambridge,2026-04-01,Unknown
OWASP Frankfurt,Medium,No,Mixed,TBD,Talks|Workshops,Unknown,No,No,Unknown,TBD,TBD,TBD,TBD,TBD,Frankfurt,Germany,https://owasp.org/www-chapter-frankfurt/,,https://owasp.org/www-chapter-frankfurt/,In-Person,Europe/Berlin,Imported from provided conference history list,2026-03-30,Mostly Fixed
OWASP Global AppSec Europe,High,Yes,Mixed,February,Talks|Trainings|Workshops,Yes,Yes,Unknown,Unknown,02-03,12-12,TBD,2026-06-22,2026-06-26,Vienna,Austria,https://sessionize.com/owasp-global-appsec-eu-2026-cfp-wash/,https://sessionize.com/owasp-global-appsec-2026EU/,,In-Person,Europe/Vienna,Merged EU series row (Lisbon 2024 + Barcelona 2025 + Vienna 2026); using latest verified cycle details,2026-03-30,Rotating
OWASP Global AppSec San Francisco,High,Yes,Mixed,TBD,Talks|Trainings|Workshops,Unknown,Unknown,Unknown,Unknown,TBD,TBD,TBD,2022-11-14,2022-11-18,San Francisco,United States,https://sf.globalappsec.org/,https://sf.globalappsec.org/,https://sf.globalappsec.org/,In-Person,America/Los_Angeles,Global AppSec San Francisco 2022 dates verified,2026-03-30,Rotating
OWASP Global AppSec Washington DC,High,Yes,Mixed,June,Talks|Trainings|Workshops,No,No,Unknown,Unknown,06-24,03-16,TBD,2025-11-06,2025-11-07,Washington DC,United States,https://sessionize.com/owasp-global-appsec-USA-2025-cfp2,https://sessionize.com/owasp-global-appsec-us-2025-cft,https://globalappsec.org/,In-Person,America/New_York,Official Sessionize pages show CFP closed June 24 2025 and CfT closed March 16 2025; conference Nov 6-7 with training Nov 3-5,2026-03-31,Rotating
OWASP LASCON,Medium,Yes,Industry,June,Talks|Workshops|Trainings,Yes,No,No,Unknown,06-08,TBD,TBD,2026-10-29,2026-10-30,Austin,United States,https://sessionize.com/owasp-lascon-2026/,,https://sessionize.com/owasp-lascon-2026/,In-Person,America/Chicago,CFP opens Apr 1 closes Jun 8 2026 at 11:59 PM CDT; conference Oct 29-30 2026 Austin TX,2026-04-01,Unknown
OWASP SnowFROC,Medium,No,Industry,TBD,Talks|Trainings,Unknown,No,No,Unknown,TBD,TBD,TBD,2026-04-16,2026-04-17,Denver,United States,https://owasp.org/events/,,https://owasp.org/events/,In-Person,America/Denver,Added from provided OWASP AppSec Days event list with two-day format and training day,2026-03-31,Unknown
PAM,Medium,No,Academic,October,Talks,No,No,No,Unknown,10-15,,,2026-03-23,2026-03-25,Virtual,Austria,https://pam2026.at/cfp/,,,Virtual,UTC,PAM 2026 was a fully virtual event Mar 23-25 2026 organized by IT:U Austria; paper deadline Oct 15 2025,2026-04-01,Rotating
PLDI,Medium,Yes,Academic,November,Talks,No,No,No,Unknown,11-13,,,2026-06-17,2026-06-19,Boulder,United States,https://pldi26.sigplan.org/dates,,,In-Person,America/Denver,47th ACM SIGPLAN PLDI; workshops Jun 15-16 main conference Jun 17-19 2026 at Limelight Boulder CO; submission deadline Nov 13 2025,2026-04-01,Rotating
POPL,Medium,Yes,Academic,July,Talks,Yes,No,No,Unknown,07-09,,,2027-01-10,2027-01-16,Mexico City,Mexico,https://popl27.sigplan.org/dates,,,In-Person,America/Mexico_City,Research paper deadline Jul 9 2026 listed on official POPL 2027 dates page,2026-03-30,Rotating
Qatar Information Security Conference,Low,Yes,Industry,TBD,Talks,Yes,No,No,Yes,TBD,,,2024-05-01,2024-05-31,Doha,Qatar,https://www.qatarinfosec.com/,,,In-Person,Asia/Qatar,Added from requested 2024 conference list,2026-03-30,Unknown
QCon London,High,Yes,Industry,N/A,Talks|Workshops,No,No,No,Unknown,TBD,TBD,TBD,2026-03-16,2026-03-18,London,United Kingdom,https://www.qconlondon.com/,,https://www.qconlondon.com/,In-Person,Europe/London,No CFP; speakers invited by track hosts via networks; conference was March 16-18 2026 at QEII Centre London,2026-04-01,Unknown
RAID,High,Yes,Academic,April,Talks,Yes,No,No,Unknown,04-16,,,2026-10-11,2026-10-14,Lancaster,United Kingdom,https://raid2026.org/,,,In-Person,Europe/London,Paper submission deadline Apr 16 on official RAID 2026 site,2026-03-30,Rotating
RooCon Sydney,Low,Yes,Industry,TBD,Talks,Unknown,No,No,Unknown,TBD,,,2026-11-05,2026-11-05,Sydney,Australia,https://roocon.org.au/,,,In-Person,Australia/Sydney,Estimated from prior early-November pattern,2026-03-30,Unknown
RSAC USA,High,Yes,Industry,August,Talks|Trainings,No,No,No,Unknown,08-24,08-24,TBD,2026-03-23,2026-03-26,San Francisco,United States,https://www.rsaconference.com/usa/call-for-submissions,https://www.rsaconference.com/usa/call-for-submissions,,In-Person,America/Los_Angeles,Official RSAC 2026 Call for Submissions page lists conference dates Mar 23-26 2026 and call deadline Aug 24 2025 (closed),2026-03-31,Mostly Fixed
RVAsec,Low,Yes,Industry,March,Talks|Workshops,Yes,No,No,Unknown,03-23,TBD,TBD,2026-06-09,2026-06-10,Richmond,United States,https://rvasec.com/cfp-2026/,,https://rvasec.com/,In-Person,America/New_York,Estimated from 2025 official CFP close date (03-23) and RVAsec site-published 2026 conference dates at Richmond Marriott,2026-03-30,Mostly Fixed
SecAppDev Leuven,Medium,Yes,Academic,TBD,Talks|Trainings|Workshops,Yes,No,Yes,Unknown,TBD,TBD,TBD,2026-06-01,2026-06-05,Leuven,Belgium,https://secappdev.org/,https://secappdev.org/,https://secappdev.org/,In-Person,Europe/Brussels,Estimated from 2025 official SecAppDev week pattern (Mon-Fri first week of June in Leuven),2026-03-30,Mostly Fixed
SECCON,Medium,Yes,Industry,TBD,CTF|Workshops|Talks,Unknown,No,No,Unknown,TBD,TBD,TBD,2024-12-01,2024-12-31,Tokyo,Japan,https://seccon.jp/,,https://seccon.jp/,In-Person,Asia/Tokyo,Added from requested 2024 conference list,2026-03-30,Unknown
SecTor,Medium,Yes,Industry,TBD,Talks|Workshops,Unknown,No,No,Unknown,TBD,TBD,TBD,2023-10-23,2023-10-26,Toronto,Canada,https://www.blackhat.com/sector/2023/,,https://www.blackhat.com/sector/2023/,In-Person,America/Toronto,SecTor 2023 week dates verified,2026-03-30,Mostly Fixed
Security Camp Japan,Medium,No,Industry,N/A,Trainings|Workshops,No,No,No,Yes,TBD,TBD,TBD,2024-08-01,2024-08-31,Tokyo,Japan,https://security-camp.jp/,https://security-camp.jp/,https://security-camp.jp/,In-Person,Asia/Tokyo,Added from requested 2024 conference list,2026-03-30,Unknown
SmashingConf New York,Medium,Yes,Industry,TBD,Talks|Workshops,Yes,No,No,Yes,TBD,TBD,TBD,2024-10-07,2024-10-10,New York,United States,https://smashingconf.com/,,https://smashingconf.com/,In-Person,America/New_York,Added from requested 2024 conference list,2026-03-30,Unknown
Swiss Cyber Storm,Medium,Yes,Industry,TBD,Talks,No,No,No,Unknown,TBD,,,2026-10-20,2026-10-20,Bern,Switzerland,https://swisscyberstorm.com/,,,In-Person,Europe/Zurich,Estimated from 2025 official event info: conference date published but no public CFP process exposed,2026-03-30,Mostly Fixed
Techorama Belgium,Medium,Yes,Industry,January,Talks|Workshops,Yes,No,No,Yes,01-30,TBD,TBD,2026-05-11,2026-05-13,Antwerp,Belgium,https://sessionize.com/techorama-2026-belgium/,,https://sessionize.com/techorama-2026-belgium/,In-Person,Europe/Brussels,Public CFP closes January 30 2026,2026-03-30,Unknown
Techorama Netherlands,Medium,Yes,Industry,April,Talks|Workshops,Yes,No,No,Yes,04-25,TBD,TBD,2026-10-26,2026-10-28,Utrecht,Netherlands,https://techorama.nl/call-for-papers/,,https://techorama.nl/call-for-papers/,In-Person,Europe/Amsterdam,Estimated from 2025 official Techorama NL CFP cycle (02-17 to 04-25) and late-October Utrecht event timing,2026-03-30,Mostly Fixed
TenguCon Japan,Low,Yes,Industry,TBD,Talks,Unknown,No,No,Unknown,TBD,,,2026-11-21,2026-11-22,Tokyo,Japan,https://tengucon.org/,,,In-Person,Asia/Tokyo,Added from backlog list,2026-03-30,Unknown
The Web Conference,High,Yes,Mixed,October,Talks|Workshops,No,No,No,Unknown,10-07,TBD,10-20,2026-06-29,2026-07-03,Dubai,United Arab Emirates,https://www2026.thewebconf.org/important-dates.html,,https://www2026.thewebconf.org/calls.html,In-Person,Asia/Dubai,Official WebConf 2026 homepage lists Dubai venue and updated conference dates June 29 to July 3 2026,2026-03-31,Rotating
THOTCON,Low,Yes,Industry,TBD,Talks,Unknown,No,No,Unknown,TBD,,,TBD,TBD,Chicago,United States,https://thotcon.org/,,,In-Person,America/Chicago,Added from backlog list,2026-03-30,Unknown
ThreatCon,Low,Unknown,Industry,TBD,Talks|Workshops,Unknown,No,No,Unknown,TBD,TBD,TBD,2023-09-11,2023-09-13,Kathmandu,Nepal,https://2023.threatcon.io/,,https://2023.threatcon.io/,In-Person,Asia/Kathmandu,ThreatCon 2023 workshop and conference dates verified,2026-03-30,Mostly Fixed
Troopers,High,Yes,Industry,March,Talks|Trainings,Yes,Yes,No,Yes,03-31,03-31,TBD,2026-06-22,2026-06-26,Heidelberg,Germany,https://www.troopers.de/troopers26/contribute/,https://cfp.troopers.de/tr26-cft/cfp,,In-Person,Europe/Berlin,CfP deadline Mar 31 and CfT deadline Mar 31 2026 at 23:59 Berlin; trainings Jun 22-23 conference Jun 24-25 at Print Media Academy Heidelberg,2026-04-01,Unknown
USENIX HotSec,Medium,No,Academic,TBD,Talks,Unknown,No,No,Unknown,TBD,,,TBD,TBD,TBD,United States,https://www.usenix.org/conferences/byname/108,,,In-Person,America/New_York,Track annual USENIX security workshop cycle when official HotSec page posts dates,2026-03-30,Mostly Fixed
USENIX Security,High,Yes,Academic,February,Talks,Yes,No,No,Unknown,02-05,,,2026-08-12,2026-08-14,Baltimore,United States,https://www.usenix.org/conference/usenixsecurity26/call-for-papers,,,In-Person,America/New_York,Official USENIX Security 26 CFP confirms Baltimore dates (Aug 12-14 2026) and cycle 2 paper deadline Feb 5 AoE,2026-03-31,Mostly Fixed
USENIX WOOT,Medium,No,Academic,March,Talks,Yes,No,No,Unknown,03-03,,,2026-08-10,2026-08-11,Baltimore,United States,https://www.usenix.org/conference/woot26/call-for-papers,,,In-Person,America/New_York,Two submission cycles and cycle 2 deadline Mar 3 AoE on official CFP,2026-03-30,Mostly Fixed
Visual Studio Live! VSLive!,Medium,Yes,Industry,TBD,Talks|Trainings|Workshops,Yes,No,No,Yes,TBD,TBD,TBD,2024-11-17,2024-11-22,Orlando,United States,https://vslive.com/,https://vslive.com/,https://vslive.com/,In-Person,America/New_York,Added from requested 2024 conference list,2026-03-30,Unknown
W2SP,Medium,No,Academic,TBD,Talks|Workshops,Unknown,No,Yes,Unknown,TBD,TBD,TBD,TBD,TBD,TBD,United States,https://www.ieee-security.org/TC/SPW/,,https://www.ieee-security.org/TC/SPW/,In-Person,America/Los_Angeles,Co-located web security workshop family with IEEE S and P and yearly CFP varies,2026-03-30,Mostly Fixed
WeAreDevelopers World Congress,High,Yes,Industry,February,Talks,Yes,No,No,Unknown,02-19,TBD,TBD,2026-07-08,2026-07-10,Berlin,Germany,https://sessionize.com/wearedevelopers-world-congress-2026-europe/,,,In-Person,Europe/Berlin,CFP opened Sep 30 2025 closed Feb 19 2026; conference Jul 8-10 2026 at Messe Berlin CityCube,2026-04-01,Unknown
Web Summit Qatar,Medium,Yes,Industry,N/A,Talks,No,No,No,Unknown,TBD,,,2027-01-31,2027-02-03,Doha,Qatar,https://websummit.com/qatar/,,,In-Person,Asia/Qatar,Speaker invite/application model; no traditional CFP; 2027 edition Jan 31-Feb 3 2027 Doha; 2026 edition already concluded Feb 1-4 2026,2026-04-01,Unknown
World Conference on Cyber Security and Ethical Hacking,Low,Yes,Academic,September,Talks,Yes,No,No,Yes,09-28,,,2024-10-23,2024-10-24,Tokyo,Japan,https://waset.org/,,,In-Person,Asia/Tokyo,Added from requested 2024 conference list,2026-03-30,Unknown
x33fCon Poland,High,No,Industry,January,Talks|Trainings|Workshops,Yes,Yes,Yes,Unknown,01-12,02-02,02-02,2026-06-11,2026-06-12,Warsaw,Poland,https://www.x33fcon.com/#!call4trainers.md,https://www.papercall.io/x33fcon-training-2026,https://www.papercall.io/x33fcon-training-2026,In-Person,Europe/Warsaw,CfP closed and workshop deadline passed,2026-03-30,Unknown
